{"bleu": [0.8803748200905491, 0.8793958360179699, 0.881183039112235, 0.8798410319709964, 0.8783269005308914, 0.8790573267183721, 0.8764934119082787, 0.8781569873475852, 0.8771923383522376, 0.8782004554168272, 0.8767078437313752, 0.875634831364463, 0.8740117469112612, 0.8729347221013698, 0.8738588971786626, 0.8699687384446404, 0.8687443523237004, 0.8661028351014862, 0.8700490857572833, 0.8655180804629324, 0.8682607923192331, 0.8691726096446561, 0.8666753660775578, 0.8663048574951501, 0.8675540268911379, 0.867422800774939], "sacre_bleu": [0.5721248424548516, 0.5721248424548516, 0.5721248424548516, 0.5721248424548516, 0.5721248424548516, 0.5721248424548516, 0.5721248424548516, 0.5721248424548516, 0.5721248424548516, 0.5721248424548516, 0.5721248424548516, 0.5721248424548516, 0.5721248424548516, 0.5721248424548516, 0.40824829046386313, 0.5721248424548516, 0.7071067811865478, 0.43472087194499137, 0.7071067811865478, 0.5721248424548516, 0.40824829046386313, 0.4889230224349009, 0.46713797772820037, 0.537284965911771, 0.43472087194499137, 0.46713797772820037], "gleu": [0.8495506281136451, 0.8509502203639886, 0.8529279319300483, 0.8528608408420221, 0.852469668882369, 0.8524881266812142, 0.8513686347995725, 0.8525032192353179, 0.8517823120572832, 0.8523120861563619, 0.8520456303679196, 0.8506730808935872, 0.8494337117976083, 0.8483857794633972, 0.8477622885525514, 0.8462314607522705, 0.8445458412045053, 0.8435577816568915, 0.8453887014504451, 0.8426627550487981, 0.8445269472440287, 0.8447211119851165, 0.8415433553494714, 0.8420370724985403, 0.8428487652004204, 0.8439991298660783], "sacre_bleu_output_input": [1.0000000000000004, 1.0000000000000004, 1.0000000000000004, 1.0000000000000004, 1.0000000000000004, 1.0000000000000004, 1.0000000000000004, 1.0000000000000004, 1.0000000000000004, 1.0000000000000004, 1.0000000000000004, 1.0000000000000004, 1.0000000000000004, 1.0000000000000004, 0.7194089028548133, 1.0000000000000004, 1.0000000000000004, 0.6389431042462729, 1.0000000000000004, 1.0000000000000004, 0.7194089028548133, 0.5623413251903492, 0.46713797772820037, 0.537284965911771, 0.6389431042462729, 0.46713797772820037], "bleu_output_input": [0.9731098877896334, 0.9675774974198175, 0.9677774578453111, 0.9632346854611311, 0.9585233836343344, 0.9594754362802755, 0.9529686953556593, 0.954950555811559, 0.9526482350983274, 0.9500908706672981, 0.948769300281459, 0.947142791350036, 0.942697975717126, 0.9414075091262399, 0.9408255730672711, 0.9355267965028928, 0.9327135158209187, 0.928404811847909, 0.9321830136707173, 0.9267328095218087, 0.9299037041650343, 0.9295161712857903, 0.925646126730874, 0.9252783462799341, 0.926877213601887, 0.9251532839784052], "gleu_output_input": [0.969303434976148, 0.9641155033595334, 0.9641444652617861, 0.9590435162338101, 0.9537954273355733, 0.9546725656027342, 0.9477118412660737, 0.9495217748260802, 0.946941991582472, 0.9420767374693818, 0.9419514626698903, 0.93998594214132, 0.9345166595338504, 0.9331947743467933, 0.9303217391971725, 0.9268235961156838, 0.9229826885327728, 0.9197356259331781, 0.9212204701386871, 0.9175163593242147, 0.9201044086978136, 0.9180318681129179, 0.9129669633700195, 0.9136371515806249, 0.9153398924084342, 0.9140409912020706], "rouge1_f1": [0.8090557274525136, 0.8116488758827092, 0.8134833270052961, 0.8134847411833965, 0.8124839050068211, 0.813325492992689, 0.8122492964866688, 0.813591104095626, 0.8127905965248163, 0.8118797172931023, 0.8125697914831069, 0.8108080147498129, 0.8090623093812419, 0.808184325747118, 0.8071858940432868, 0.8065445669585797, 0.8041169213981036, 0.8036089270872746, 0.8040105143037353, 0.8027496442164672, 0.8046902551559594, 0.8035284854720597, 0.800625819560126, 0.8005917362488444, 0.8025111043826054, 0.8023993045576542], "rouge1_recall": [0.8071016752634557, 0.8082392785957625, 0.810134998129183, 0.8090363642126343, 0.8069744088093028, 0.8083120173510927, 0.8058628622242707, 0.8077669311127189, 0.8070512290333889, 0.8060872233690288, 0.8057864571117532, 0.8036731760165757, 0.8012725902853886, 0.8004991993278185, 0.8005774363626612, 0.7973326688119646, 0.7951822806881061, 0.793187737534299, 0.7956711830638901, 0.7921982761957238, 0.7952832704106509, 0.7949333511897003, 0.7914455006146015, 0.790468613156335, 0.7933686103111816, 0.7929306782274322], "rouge1_precision": [0.8213440376070973, 0.8253825524640703, 0.8268659265447713, 0.8281443201382173, 0.8280769595477244, 0.8289529814926565, 0.8290525077319839, 0.8303760001621174, 0.8292552327817231, 0.8282457545405496, 0.8305378016873017, 0.8291326104009344, 0.8283978261238427, 0.8278204647530789, 0.8251230173918264, 0.8282861664738796, 0.8257774465541434, 0.8277351392617733, 0.8248747302004964, 0.8269091640286147, 0.8274142586887921, 0.8242335460681969, 0.8232262947127502, 0.8256347232571523, 0.8247975948323399, 0.8258367908462392], "rouge2_f1": [0.6225194505899183, 0.6254004217590773, 0.6301672180499867, 0.6307452881746354, 0.6313255527950803, 0.6325130743913913, 0.6325382396105932, 0.6355585045431065, 0.6350124564475954, 0.6347080521198105, 0.6366560707309464, 0.6352684706310019, 0.6332478904610772, 0.6318842489659309, 0.6311382198278925, 0.6317750140793533, 0.6291488240818237, 0.6281350973570882, 0.6297326110973331, 0.6290321283684724, 0.630820386584131, 0.6294309796916622, 0.6277266602459868, 0.6281024455101256, 0.6305147455641334, 0.6305907526587954], "rouge2_recall": [0.6212044846958497, 0.6230793219751918, 0.628024751485672, 0.6278556311602699, 0.6274915978942306, 0.6289128586934907, 0.6281951536665786, 0.6315527593668864, 0.6310870798661564, 0.6308175251869789, 0.6321046421073955, 0.630541536640352, 0.6279579996551585, 0.6266580830830002, 0.6270604676914991, 0.6254933066855611, 0.6231240350588776, 0.6211889832279776, 0.6241671286944128, 0.6218854427990516, 0.6246071865945177, 0.6238417667363229, 0.6214769223536118, 0.6214333042862915, 0.6242722705650348, 0.6243136246846205], "rouge2_precision": [0.631301343147453, 0.6351711473320986, 0.6394222279475998, 0.641078447922313, 0.6425752596077547, 0.6436139874479148, 0.6442340723042097, 0.6472337644264283, 0.6465474836819127, 0.6460747811857448, 0.6489376188429119, 0.6478705768442712, 0.6465951502767868, 0.6454440316707428, 0.6430339599481052, 0.6468045666372066, 0.6438460620823812, 0.6445218960422185, 0.6438452457681485, 0.6455614923268045, 0.6460944162321074, 0.6434598311285167, 0.6431483003287446, 0.6448671182627779, 0.6456642440314118, 0.6458941531179321], "rougeL_f1": [0.7436979283448596, 0.7465335832399915, 0.7495771639153004, 0.7486940849271159, 0.7488095142397202, 0.7496781772450651, 0.7481146842637503, 0.7504774304524222, 0.7496448818684323, 0.7487192428168822, 0.749298240733038, 0.7487953101603795, 0.7469044175526622, 0.7431845810031636, 0.7424185225294422, 0.7416683553880179, 0.7389783286987333, 0.7381973862380269, 0.7390356673847867, 0.7387687782953549, 0.7410618149079762, 0.7390714517675692, 0.7354183401336034, 0.7360124007992823, 0.7372288989603477, 0.7388247315644785], "rougeL_recall": [0.7422404902954447, 0.7435385767563365, 0.7467011175257767, 0.7448825842215618, 0.7440819953220805, 0.7451963737603026, 0.7425728461325696, 0.7453872124113918, 0.7446486530066263, 0.7437378061818787, 0.7434493844712593, 0.7425100531665676, 0.7399528967454471, 0.7364102036439468, 0.7367431536301464, 0.7335977755200265, 0.7310467325312251, 0.729007638922119, 0.731800810695262, 0.7294638888984828, 0.7328123714143775, 0.7316702283160118, 0.7274563575664723, 0.7269150623013707, 0.7291491421972934, 0.7304318393424347],