{"bleu": [0.5721248424548516, 0.5721248424548516, 0.5721248424548516, 0.5721248424548516, 0.5721248424548516, 0.5721248424548516, 0.5721248424548516, 0.5721248424548516, 0.5721248424548516, 0.5721248424548516, 0.5721248424548516], "gleu": [0.8495506281136451, 0.8509502203639886, 0.8529279319300483, 0.8528608408420221, 0.852469668882369, 0.8524881266812142, 0.8513686347995725, 0.8525032192353179, 0.8517823120572832, 0.8523120861563619, 0.8520456303679196], "bleu_output_input": [1.0000000000000004, 1.0000000000000004, 1.0000000000000004, 1.0000000000000004, 1.0000000000000004, 1.0000000000000004, 1.0000000000000004, 1.0000000000000004, 1.0000000000000004, 1.0000000000000004, 1.0000000000000004], "gleu_output_input": [0.969303434976148, 0.9641155033595334, 0.9641444652617861, 0.9590435162338101, 0.9537954273355733, 0.9546725656027342, 0.9477118412660737, 0.9495217748260802, 0.946941991582472, 0.9420767374693818, 0.9419514626698903], "rouge1_f1": [0.8090557274525136, 0.8116488758827092, 0.8134833270052961, 0.8134847411833965, 0.8124839050068211, 0.813325492992689, 0.8122492964866688, 0.813591104095626, 0.8127905965248163, 0.8118797172931023, 0.8125697914831069], "rouge1_recall": [0.8071016752634557, 0.8082392785957625, 0.810134998129183, 0.8090363642126343, 0.8069744088093028, 0.8083120173510927, 0.8058628622242707, 0.8077669311127189, 0.8070512290333889, 0.8060872233690288, 0.8057864571117532], "rouge1_precision": [0.8213440376070973, 0.8253825524640703, 0.8268659265447713, 0.8281443201382173, 0.8280769595477244, 0.8289529814926565, 0.8290525077319839, 0.8303760001621174, 0.8292552327817231, 0.8282457545405496, 0.8305378016873017], "rouge2_f1": [0.6225194505899183, 0.6254004217590773, 0.6301672180499867, 0.6307452881746354, 0.6313255527950803, 0.6325130743913913, 0.6325382396105932, 0.6355585045431065, 0.6350124564475954, 0.6347080521198105, 0.6366560707309464], "rouge2_recall": [0.6212044846958497, 0.6230793219751918, 0.628024751485672, 0.6278556311602699, 0.6274915978942306, 0.6289128586934907, 0.6281951536665786, 0.6315527593668864, 0.6310870798661564, 0.6308175251869789, 0.6321046421073955], "rouge2_precision": [0.631301343147453, 0.6351711473320986, 0.6394222279475998, 0.641078447922313, 0.6425752596077547, 0.6436139874479148, 0.6442340723042097, 0.6472337644264283, 0.6465474836819127, 0.6460747811857448, 0.6489376188429119], "rougeL_f1": [0.7436979283448596, 0.7465335832399915, 0.7495771639153004, 0.7486940849271159, 0.7488095142397202, 0.7496781772450651, 0.7481146842637503, 0.7504774304524222, 0.7496448818684323, 0.7487192428168822, 0.749298240733038], "rougeL_recall": [0.7422404902954447, 0.7435385767563365, 0.7467011175257767, 0.7448825842215618, 0.7440819953220805, 0.7451963737603026, 0.7425728461325696, 0.7453872124113918, 0.7446486530066263, 0.7437378061818787, 0.7434493844712593], "rougeL_precision": [0.7548527764737074, 0.7591087449492512, 0.7617515010513736, 0.7619752381147888, 0.763040883187112, 0.7638216249722769, 0.7630944063658045, 0.7656067432095414, 0.7643007357727477, 0.7633016171733782, 0.7652695816903765], "bleu_diversity": [0.9071237481994928, 0.8851001837358624, 0.8821478540021828, 0.8635445408064422, 0.8489300301102836, 0.8487079687257352, 0.8243582401534439, 0.8347789788294564, 0.82408554101155, 0.8099690262641388, 0.8139009003145712], "intersection_over_union": [0.9574951011442318, 0.9483431674242759, 0.9429849818131659, 0.9356681789668094, 0.9243971318402496, 0.9265193682830412, 0.9136342135393322, 0.916277635263155, 0.9131556175642161, 0.9011515038468331, 0.9032899931210121], "char_ngram_overlap": [0.9677895853476036, 0.9594494331726895, 0.9559020733378811, 0.9498967676405687, 0.9412523984150888, 0.9434621961574, 0.9325061615812661, 0.9351136148977834, 0.9315952033509849, 0.9220271273732219, 0.9232729494155946], "bert_f1": [0.9916298391819001, 0.9904722852110863, 0.9903426436781884, 0.9886529074311257, 0.9879570698142052, 0.9883300054073334, 0.9864380694627762, 0.9869745517373085, 0.9863941783308983, 0.9850165421366691, 0.985411094903946], "bert_precision": [0.9924106783270836, 0.9918178169727325, 0.9916735988259315, 0.9902283259034157, 0.9896415403485298, 0.9898061485290527, 0.9880999294519425, 0.9884363593459129, 0.9879491881132126, 0.9865517301559448, 0.9870375157594681], "bert_recall": [0.9908906283378601, 0.9891783547997475, 0.9890550583004951, 0.9871326741576195, 0.9863315370678901, 0.9869088050723076, 0.9848362663388253, 0.9855662165880203, 0.9848937382102012, 0.9835450093746185, 0.9838468010425567], "bleurt": [0.7710505669414998, 0.7748544816970825, 0.7774818197488785, 0.7762121735215187, 0.7780494719445705, 0.7782039622962474, 0.7790397721230984, 0.7807806469500065, 0.7799194558262825, 0.779643609881401, 0.7794449628591538]}