{"bleu": [0.7318936376115132], "sacre_bleu": [0.5366098421082309], "gleu": [0.680748634767274], "sacre_bleu_output_input": [0.9126962428621507], "bleu_output_input": [0.943605349818248], "gleu_output_input": [0.9355663139072864], "rouge1_f1": [0.5855510726577273], "rouge1_recall": [0.586360480349327], "rouge1_precision": [0.6103697360065413], "rouge2_f1": [0.3585518053811104], "rouge2_recall": [0.3590726470208452], "rouge2_precision": [0.3757752487781545], "rougeL_f1": [0.5467676842363025], "rougeL_recall": [0.5477728380286602], "rougeL_precision": [0.5694984966329496], "bleu_diversity": [0.8900844841322886], "intersection_over_union": [0.9158633319332183], "char_ngram_overlap": [0.9287333998324189], "bert_f1": [0.9883442330196952], "bert_precision": [0.9897273333485983], "bert_recall": [0.9870553859845509], "bleurt": [0.6670278567982545]}