{"bleu": [0.5721248424548516, 0.5721248424548516], "gleu": [0.8495506281136451, 0.8509502203639886], "bleu_output_input": [1.0000000000000004, 1.0000000000000004], "gleu_output_input": [0.969303434976148, 0.9641155033595334], "rouge1_f1": [0.8090557274525136, 0.8116488758827092], "rouge1_recall": [0.8071016752634557, 0.8082392785957625], "rouge1_precision": [0.8213440376070973, 0.8253825524640703], "rouge2_f1": [0.6225194505899183, 0.6254004217590773], "rouge2_recall": [0.6212044846958497, 0.6230793219751918], "rouge2_precision": [0.631301343147453, 0.6351711473320986], "rougeL_f1": [0.7436979283448596, 0.7465335832399915], "rougeL_recall": [0.7422404902954447, 0.7435385767563365], "rougeL_precision": [0.7548527764737074, 0.7591087449492512], "bleu_diversity": [0.9071237481994928, 0.8851001837358624], "intersection_over_union": [0.9574951011442318, 0.9483431674242759], "char_ngram_overlap": [0.9677895853476036, 0.9594494331726895], "bert_f1": [0.9916298391819001, 0.9904722852110863], "bert_precision": [0.9924106783270836, 0.9918178169727325], "bert_recall": [0.9908906283378601, 0.9891783547997475], "bleurt": [0.7710505669414998, 0.7748544816970825]}