{"bleu": [0.5721248424548516], "gleu": [0.8495506281136451], "bleu_output_input": [1.0000000000000004], "gleu_output_input": [0.969303434976148], "rouge1_f1": [0.8090557274525136], "rouge1_recall": [0.8071016752634557], "rouge1_precision": [0.8213440376070973], "rouge2_f1": [0.6225194505899183], "rouge2_recall": [0.6212044846958497], "rouge2_precision": [0.631301343147453], "rougeL_f1": [0.7436979283448596], "rougeL_recall": [0.7422404902954447], "rougeL_precision": [0.7548527764737074], "bleu_diversity": [0.9071237481994928], "intersection_over_union": [0.9574951011442318], "char_ngram_overlap": [0.9677895853476036], "bert_f1": [0.9916298391819001], "bert_precision": [0.9924106783270836], "bert_recall": [0.9908906283378601], "bleurt": [0.7710505669414998]}