{"bleu": [0.7318936376115132, 0.7275737927526226, 0.7164220903957339, 0.7146025635233857, 0.7172424994058807, 0.7108924411963251, 0.7128282976071176], "sacre_bleu": [0.5366098421082309, 0.6507647631287052, 0.6507647631287052, 0.3688939732334405, 0.4518010018049223, 0.5366098421082309, 0.5366098421082309], "gleu": [0.680748634767274, 0.6809956218958501, 0.6766885648205982, 0.6756424232439614, 0.6796356345946882, 0.6769684685267245, 0.6768760738642694], "sacre_bleu_output_input": [0.9126962428621507, 1.0000000000000004, 1.0000000000000004, 0.6440494849514513, 0.6440494849514513, 0.9126962428621507, 0.9126962428621507], "bleu_output_input": [0.943605349818248, 0.9350458081296833, 0.9108157082820146, 0.9069190344552258, 0.905597204586648, 0.8924908322777613, 0.8947442295778661], "gleu_output_input": [0.9355663139072864, 0.93193308219975, 0.9092057655555986, 0.9042703451999865, 0.9029877612041045, 0.8908894848376873, 0.8919927756620748], "rouge1_f1": [0.5855510726577273, 0.5896649917273027, 0.5890443267011142, 0.5879820792692325, 0.5904367590283459, 0.5897656119713183, 0.5918158762819132], "rouge1_recall": [0.586360480349327, 0.5868050365606567, 0.5815769782878366, 0.5795440396237395, 0.5817700292733625, 0.577867242362563, 0.5819361344627412], "rouge1_precision": [0.6103697360065413, 0.6191411795468237, 0.6241026867736197, 0.6240688797489116, 0.6254204872509403, 0.6302276157245037, 0.6290626413737547], "rouge2_f1": [0.3585518053811104, 0.36237505346731724, 0.36150450629073794, 0.3607410773882163, 0.3622892621813428, 0.3648781112175655, 0.3654233746863519], "rouge2_recall": [0.3590726470208452, 0.3609959173278933, 0.35731918635838333, 0.3558982109769703, 0.3571003937811036, 0.3574610414650757, 0.3589810805360592], "rouge2_precision": [0.3757752487781545, 0.38189803982047316, 0.38419865636118455, 0.38388341533193815, 0.38525715803989036, 0.3915344107085453, 0.3904423381597689], "rougeL_f1": [0.5467676842363025, 0.550796067541216, 0.5501005523271159, 0.5479165162740294, 0.550739225190521, 0.5508609233463693, 0.5522990679093536], "rougeL_recall": [0.5477728380286602, 0.5485061449983686, 0.5435780573358653, 0.5407858675649746, 0.5430622883153619, 0.5400460046689269, 0.5435177880424096], "rougeL_precision": [0.5694984966329496, 0.5777962299965854, 0.5820487032161703, 0.5810255323569319, 0.5826778076811293, 0.5880182123096969, 0.5862575122757592], "bleu_diversity": [0.8900844841322886, 0.872615700899872, 0.8365422799566655, 0.8218405601410627, 0.8145109191625554, 0.7948661053998973, 0.7920936253240931], "intersection_over_union": [0.9158633319332183, 0.9041149099463454, 0.8766473100114212, 0.8655051692118203, 0.8586249448268809, 0.8389846705514958, 0.8423441851171715], "char_ngram_overlap": [0.9287333998324189, 0.9227423146926715, 0.8979535767444018, 0.8903799995864258, 0.8826779767473634, 0.8688148747897797, 0.8712457864234365], "bert_f1": [0.9883442330196952, 0.9887285064413311, 0.9846033167885754, 0.9828291294273503, 0.982746721870791, 0.9806155119306543, 0.9807151072639443], "bert_precision": [0.9897273333485983, 0.9913453040191483, 0.9877842578901951, 0.986092441365332, 0.9861039527872206, 0.9844324048772731, 0.9841986942672667], "bert_recall": [0.9870553859845509, 0.9862116531651666, 0.9815473923720529, 0.9796958690253185, 0.9795251055710307, 0.9769480298867694, 0.9773795589721946], "bleurt": [0.6670278567982545, 0.6746198435089302, 0.6654005685527458, 0.6645265722533592, 0.6675363677245824, 0.6641051934127749, 0.664879145008888]}