{"bleu": [0.7318936376115132, 0.7275737927526226, 0.7164220903957339, 0.7146025635233857, 0.7172424994058807, 0.7108924411963251, 0.7128282976071176, 0.7046401861629088, 0.7006898119853726, 0.7111213929121205, 0.7084842300246773, 0.7081727894774626, 0.7111441630193005, 0.7057364351336014, 0.7062856528302514], "sacre_bleu": [0.5366098421082309, 0.6507647631287052, 0.6507647631287052, 0.3688939732334405, 0.4518010018049223, 0.5366098421082309, 0.5366098421082309, 0.5366098421082309, 0.32466791547509877, 0.564926870711699, 0.366022984812999, 0.551200335744727, 0.5010471261535354, 0.5010471261535354, 0.551200335744727], "gleu": [0.680748634767274, 0.6809956218958501, 0.6766885648205982, 0.6756424232439614, 0.6796356345946882, 0.6769684685267245, 0.6768760738642694, 0.6720708509384078, 0.6700139455216957, 0.6768924663321921, 0.6744922120576502, 0.6756580473268979, 0.677213069073645, 0.6750376037420884, 0.6751541472054223], "sacre_bleu_output_input": [0.9126962428621507, 1.0000000000000004, 1.0000000000000004, 0.6440494849514513, 0.6440494849514513, 0.9126962428621507, 0.9126962428621507, 0.9126962428621507, 0.48768366386852174, 0.7938047857077986, 0.4505546423412896, 0.6327087675326765, 0.6920762111352675, 0.6920762111352675, 0.6327087675326765], "bleu_output_input": [0.943605349818248, 0.9350458081296833, 0.9108157082820146, 0.9069190344552258, 0.905597204586648, 0.8924908322777613, 0.8947442295778661, 0.8795379983104732, 0.8727182459876048, 0.8872007373472515, 0.8812165930860142, 0.8784887655623577, 0.8826147509842855, 0.8696863658366865, 0.8688892699750096], "gleu_output_input": [0.9355663139072864, 0.93193308219975, 0.9092057655555986, 0.9042703451999865, 0.9029877612041045, 0.8908894848376873, 0.8919927756620748, 0.8771789453186924, 0.8712122063511686, 0.8840901857757087, 0.8777277789764741, 0.8757713902058247, 0.8783020643393877, 0.8667731593537116, 0.864442018168848], "rouge1_f1": [0.5855510726577273, 0.5896649917273027, 0.5890443267011142, 0.5879820792692325, 0.5904367590283459, 0.5897656119713183, 0.5918158762819132, 0.5868626351977414, 0.5871042663061867, 0.5904682478327662, 0.5882293486546597, 0.5906979663825552, 0.5893370820311701, 0.5905813846370056, 0.5905375049969699], "rouge1_recall": [0.586360480349327, 0.5868050365606567, 0.5815769782878366, 0.5795440396237395, 0.5817700292733625, 0.577867242362563, 0.5819361344627412, 0.5742747421120707, 0.5730806517118281, 0.5794483462319495, 0.5762695016346457, 0.5769832235807469, 0.576840311045949, 0.5761943650261051, 0.5768687215303023], "rouge1_precision": [0.6103697360065413, 0.6191411795468237, 0.6241026867736197, 0.6240688797489116, 0.6254204872509403, 0.6302276157245037, 0.6290626413737547, 0.6288873341423046, 0.6307123347317032, 0.6288754317034255, 0.6283172161898374, 0.6322001936081648, 0.6294199490344485, 0.6331732245620018, 0.63285647377068], "rouge2_f1": [0.3585518053811104, 0.36237505346731724, 0.36150450629073794, 0.3607410773882163, 0.3622892621813428, 0.3648781112175655, 0.3654233746863519, 0.3620260047247058, 0.3606137857140088, 0.3633072051858153, 0.36125101639947077, 0.36395608949400904, 0.36277422544289484, 0.3641487428132474, 0.36387934492725427], "rouge2_recall": [0.3590726470208452, 0.3609959173278933, 0.35731918635838333, 0.3558982109769703, 0.3571003937811036, 0.3574610414650757, 0.3589810805360592, 0.3542070265145473, 0.35151190686093436, 0.35681545598097886, 0.35388878837055315, 0.35581921145764406, 0.3552384910082528, 0.3548933215842804, 0.3550092389919347], "rouge2_precision": [0.3757752487781545, 0.38189803982047316, 0.38419865636118455, 0.38388341533193815, 0.38525715803989036, 0.3915344107085453, 0.3904423381597689, 0.3896974987329891, 0.3901271831863845, 0.38833973984189857, 0.3873591381974637, 0.39080300159244363, 0.3883328333340038, 0.3918761212735023, 0.3917562858391493], "rougeL_f1": [0.5467676842363025, 0.550796067541216, 0.5501005523271159, 0.5479165162740294, 0.550739225190521, 0.5508609233463693, 0.5522990679093536, 0.5468985388089038, 0.5457117204066524, 0.5499963772677325, 0.5473555439492053, 0.5500548840503839, 0.5488111386116311, 0.5492829344136256, 0.5489068037923273], "rougeL_recall": [0.5477728380286602, 0.5485061449983686, 0.5435780573358653, 0.5407858675649746, 0.5430622883153619, 0.5400460046689269, 0.5435177880424096, 0.5354980462479391, 0.5330142360739718, 0.5402120554240157, 0.5368228980687157, 0.5379869469456755, 0.537478901440724, 0.5362465709587063, 0.536289289166983], "rougeL_precision": [0.5694984966329496, 0.5777962299965854, 0.5820487032161703, 0.5810255323569319, 0.5826778076811293, 0.5880182123096969, 0.5862575122757592, 0.5852797050611416, 0.5855985927678532, 0.5850130775733758, 0.5837632459034674, 0.5877110807735253, 0.5853268956832679, 0.5878783261409701, 0.5874353746360994], "bleu_diversity": [0.8900844841322886, 0.872615700899872, 0.8365422799566655, 0.8218405601410627, 0.8145109191625554, 0.7948661053998973, 0.7920936253240931, 0.7656984477816993, 0.7534236063328956, 0.7707459489720794, 0.7576705072793136, 0.752192816236201, 0.7518840386140533, 0.7324373583967729, 0.7291761150707557], "intersection_over_union": [0.9158633319332183, 0.9041149099463454, 0.8766473100114212, 0.8655051692118203, 0.8586249448268809, 0.8389846705514958, 0.8423441851171715, 0.8199524893784246, 0.8135093073000099, 0.8258587148660164, 0.8104613646425675, 0.8082795998612178, 0.8028295569601495, 0.7913242649847018, 0.7884270407673668], "char_ngram_overlap": [0.9287333998324189, 0.9227423146926715, 0.8979535767444018, 0.8903799995864258, 0.8826779767473634, 0.8688148747897797, 0.8712457864234365, 0.8509470385555311, 0.8468462207211043, 0.856834572958917, 0.8430487779167138, 0.8410419518470494, 0.8383814235340317, 0.8283047640653807, 0.8243333414966677], "bert_f1": [0.9883442330196952, 0.9887285064413311, 0.9846033167885754, 0.9828291294273503, 0.982746721870791, 0.9806155119306543, 0.9807151072639443, 0.9786901809287313, 0.9774345582581563, 0.9793466145876301, 0.9779675471171654, 0.9779107521220901, 0.9777269619296588, 0.9770261751371702, 0.9763506798622774], "bert_precision": [0.9897273333485983, 0.9913453040191483, 0.9877842578901951, 0.986092441365332, 0.9861039527872206, 0.9844324048772731, 0.9841986942672667, 0.9827497050219643, 0.981753788039531, 0.9829438257131785, 0.9816746716206657, 0.9819175862931286, 0.9816211273263102, 0.9813466541252609, 0.9806395675324164], "bert_recall": [0.9870553859845509, 0.9862116531651666, 0.9815473923720529, 0.9796958690253185, 0.9795251055710307, 0.9769480298867694, 0.9773795589721946, 0.9748025952777246, 0.973291693619564, 0.9759025548043844, 0.9744158492071193, 0.9740751256477276, 0.9739947727097821, 0.9728814565275293, 0.972244737508676], "bleurt": [0.6670278567982545, 0.6746198435089302, 0.6654005685527458, 0.6645265722533592, 0.6675363677245824, 0.6641051934127749, 0.664879145008888, 0.6615543839221603, 0.6575788518683294, 0.6647494005789135, 0.6626635366285155, 0.6660532003576912, 0.6654912555894936, 0.6690628502908346, 0.6670890041632159]}