{"bleu": [0.7318936376115132, 0.7275737927526226], "sacre_bleu": [0.5366098421082309, 0.6507647631287052], "gleu": [0.680748634767274, 0.6809956218958501], "sacre_bleu_output_input": [0.9126962428621507, 1.0000000000000004], "bleu_output_input": [0.943605349818248, 0.9350458081296833], "gleu_output_input": [0.9355663139072864, 0.93193308219975], "rouge1_f1": [0.5855510726577273, 0.5896649917273027], "rouge1_recall": [0.586360480349327, 0.5868050365606567], "rouge1_precision": [0.6103697360065413, 0.6191411795468237], "rouge2_f1": [0.3585518053811104, 0.36237505346731724], "rouge2_recall": [0.3590726470208452, 0.3609959173278933], "rouge2_precision": [0.3757752487781545, 0.38189803982047316], "rougeL_f1": [0.5467676842363025, 0.550796067541216], "rougeL_recall": [0.5477728380286602, 0.5485061449983686], "rougeL_precision": [0.5694984966329496, 0.5777962299965854], "bleu_diversity": [0.8900844841322886, 0.872615700899872], "intersection_over_union": [0.9158633319332183, 0.9041149099463454], "char_ngram_overlap": [0.9287333998324189, 0.9227423146926715], "bert_f1": [0.9883442330196952, 0.9887285064413311], "bert_precision": [0.9897273333485983, 0.9913453040191483], "bert_recall": [0.9870553859845509, 0.9862116531651666], "bleurt": [0.6670278567982545, 0.6746198435089302]}